topic,term,beta
1,tea,7.111396196963347e-4
2,tea,0.0012261383530610852
3,tea,0.001040010745528903
4,tea,7.738269601169969e-4
1,coffee,0.004088633808473459
2,coffee,0.0026908170125061184
3,coffee,0.008993355322841165
4,coffee,0.004102213934001144
1,bacon,0.002126624565782986
2,bacon,0.0030308849405027006
3,bacon,0.003239700928264485
4,bacon,0.0011952927238982967
1,bowl,8.717933333125922e-4
2,bowl,9.475118927518441e-4
3,bowl,6.301484683923208e-4
4,bowl,6.239637967721473e-4
1,wine,0.0015690075741845628
2,wine,8.262403366109898e-4
3,wine,0.0015642340172675796
4,wine,4.6323837435691725e-4
1,pizza,9.550479108234979e-4
2,pizza,5.087848330901342e-4
3,pizza,3.8427863543120944e-4
4,pizza,0.00158582853990642
1,bagel,2.2534320456191474e-4
2,bagel,4.028347577440913e-4
3,bagel,0.0018100655749773125
4,bagel,4.8225380735154817e-4
1,cake,0.001660557550145006
2,cake,9.952004249801163e-4
3,cake,0.0016531509819434375
4,cake,3.457039571040996e-4
1,sandwich,0.00860309211594753
2,sandwich,0.0030937861866857787
3,sandwich,9.447026172902239e-5
4,sandwich,1.8061226503658263e-4
1,gluten,3.479600434434487e-4
2,gluten,6.989334568386919e-4
3,gluten,2.4701253056321013e-4
4,gluten,1.1906715379807167e-4
1,cookies,4.26304184835844e-5
2,cookies,2.3142756386497758e-4
3,cookies,3.490134760992009e-4
4,cookies,3.719105450726218e-4
1,gravy,5.494332863896491e-4
2,gravy,0.0012658399910158316
3,gravy,0.0011006565321027269
4,gravy,0.0011290798975367128
1,water,0.0017073395817763595
2,water,9.874990590730366e-4
3,water,1.2111201428362994e-4
4,water,0.0015684317441285972
1,chicken,0.010011724250976128
2,chicken,2.9669083459772254e-4
3,chicken,0.0021984324788112317
4,chicken,0.0027837459348066212
1,hummus,1.0341694939603306e-4
2,hummus,2.0600427267843067e-5
3,hummus,3.2067291435352517e-4
4,hummus,3.065926601825844e-4
1,rice,5.867049521963848e-4
2,rice,4.599568403592237e-4
3,rice,9.018293198417276e-4
4,rice,8.816614157837697e-4
1,pork,0.0023765143691770506
2,pork,7.328819729544639e-4
3,pork,6.32914900387145e-5
4,pork,0.001995674580169498
1,roast,3.1585463954692943e-4
2,roast,5.255658311396843e-4
3,roast,1.9312697443706495e-4
4,roast,5.951907500792138e-4
1,smoked,2.2412669795597898e-4
2,smoked,3.979223483416253e-4
3,smoked,5.399109217757509e-4
4,smoked,5.332252081223832e-4
1,taco,7.707478846485841e-4
2,taco,5.022535390042824e-4
3,taco,8.392996096928208e-4
4,taco,3.8432227157758267e-4
1,chocolate,4.621788616834097e-4
2,chocolate,0.00173207903424787
3,chocolate,0.001758531450225628
4,chocolate,7.663315458872991e-4
1,toast,0.0025099260136605375
2,toast,0.0038120927543480137
3,toast,0.001065021602265251
4,toast,0.0010738651437989988
1,cheese,0.00753696203329013
2,cheese,0.0052249156493855455
3,cheese,9.82559346165962e-4
4,cheese,0.003527356170153738
1,bread,0.0040149596922973005
2,bread,9.06111181839233e-4
3,bread,8.778382043289567e-4
4,bread,0.003775323876324517
1,pancakes,0.0012083697201848158
2,pancakes,9.596367806197202e-4
3,pancakes,0.0026438596228194945
4,pancakes,4.98613851991762e-4
1,sauce,1.8292445509887075e-4
2,sauce,0.0027370702645842923
3,sauce,0.0023947111373395476
4,sauce,0.0047043340006564915
1,meatballs,2.1890735673682108e-4
2,meatballs,5.448603276163557e-6
3,meatballs,2.410361885598275e-4
4,meatballs,1.6391925946379222e-4
1,bananas,1.5122057867665692e-4
2,bananas,3.3844385798029305e-4
3,bananas,5.638341642305264e-5
4,bananas,3.0321987025277617e-4
1,waffle,2.564205352631119e-4
2,waffle,3.9793988731793043e-5
3,waffle,0.0010290828951219652
4,waffle,0.0013596992119534162
1,eggs,0.0010447406871321242
2,eggs,0.001504306710701625
3,eggs,0.007355889199512418
4,eggs,0.0022244469717801318
1,cookie,2.856060338888218e-4
2,cookie,3.9913536673925534e-4
3,cookie,5.664566578590535e-5
4,cookie,2.0652554637438437e-4
1,soup,0.001789320665019847
2,soup,0.0017480895547702477
3,soup,0.0010536472853413278
4,soup,3.667593750459795e-4
1,burgers,4.77270211924909e-5
2,burgers,0.0010972555567050678
3,burgers,8.902291710584693e-4
4,burgers,4.503579487646905e-5
1,egg,0.0027228098060108766
2,egg,0.0016045498207729026
3,egg,0.0011873763407107352
4,egg,7.813313360205318e-4
1,fat,3.6922707421754934e-4
2,fat,3.292045735010255e-4
3,fat,1.077693465629275e-4
4,fat,2.1544650375229088e-4
1,doughnuts,5.1831489753071335e-5
2,doughnuts,3.6835764542486885e-5
3,doughnuts,5.0793834494225444e-05
4,doughnuts,1.686042058348108e-4
1,ice,5.58240205400639e-4
2,ice,3.3404444415558945e-4
3,ice,9.518058934170892e-4
4,ice,8.75719337596214e-4
1,waffles,8.044237246270908e-4
2,waffles,5.256052205499937e-5
3,waffles,6.802136806838295e-4
4,waffles,8.117889645241943e-4
1,pasta,2.4167403842091165e-4
2,pasta,6.221749361207682e-4
3,pasta,1.7832146085235641e-4
4,pasta,9.032229321855953e-4
1,lamb,3.2630637691030175e-4
2,lamb,4.8526640244012407e-4
3,lamb,2.1637850645609907e-4
4,lamb,1.8522333315411395e-4
1,pie,9.251697288999911e-4
2,pie,0.0011287073855129291
3,pie,3.719662786590883e-5
4,pie,2.6222847378671406e-4
1,juice,9.321298302192656e-4
2,juice,2.88223342880983e-4
3,juice,2.6007791538040906e-4
4,juice,6.187722621990163e-4
1,burrito,2.1032288723054482e-4
2,burrito,3.888460076810576e-4
3,burrito,0.0010370091949609655
4,burrito,4.958590779984642e-4
1,fish,0.0010280642352519685
2,fish,7.968781336881078e-4
3,fish,0.0018003582266217085
4,fish,2.0676319066682095e-4
1,meat,0.001406558007538151
2,meat,0.0017671837093699596
3,meat,8.203771387548638e-4
4,meat,0.0017029919817288177
1,bagels,3.636458605409229e-5
2,bagels,3.956796414652115e-4
3,bagels,7.372936808933522e-4
4,bagels,4.6664868812796564e-4
1,chili,7.380957921071057e-5
2,chili,4.5336008074823377e-4
3,chili,2.8294909515931554e-4
4,chili,5.815547907309122e-4
1,salad,4.520454047199535e-5
2,salad,0.004174946787975833
3,salad,0.0040304246279355155
4,salad,0.0025017471684528835
1,lime,2.0517565042615143e-4
2,lime,3.6847185950175703e-4
3,lime,5.836314663476297e-5
4,lime,1.6090921143284057e-4
1,biscuits,0.0011698795002790946
2,biscuits,0.0015520034956120116
3,biscuits,4.7354463186806406e-4
4,biscuits,2.647755160468875e-4
1,chorizo,2.695611489237683e-4
2,chorizo,4.3150900290748237e-4
3,chorizo,5.114064668043769e-4
4,chorizo,6.7556640682052285e-6
1,salt,2.2586688213291697e-4
2,salt,8.100772280624017e-5
3,salt,8.351688007217494e-4
4,salt,6.195555105497543e-4
1,veal,5.770665542026442e-5
2,veal,1.4796688304336526e-5
3,veal,1.0449569343173157e-4
4,veal,9.168433123920763e-6
1,potatoes,9.726761733613841e-4
2,potatoes,0.0012287894323227391
3,potatoes,0.001227355635377226
4,potatoes,0.0022490700554226237
1,pickles,3.2757166966851386e-4
2,pickles,6.574859873767554e-5
3,pickles,2.1774091456804902e-4
4,pickles,3.2731833232443473e-4
1,buffalo,3.408208448647064e-4
2,buffalo,2.4372996061339475e-4
3,buffalo,6.9394720295905966e-6
4,buffalo,2.1105024048707303e-5
1,cream,8.926622374662387e-4
2,cream,8.856989863336905e-4
3,cream,0.002873236912324349
4,cream,0.0015110782375191208
1,greens,5.975752729896948e-4
2,greens,2.7720928714036313e-4
3,greens,9.388331989795635e-5
4,greens,4.670083435481769e-4
1,shakes,8.877007451315714e-5
2,shakes,1.5053693955725811e-5
3,shakes,1.758284597131948e-4
4,shakes,1.0510071074519641e-5
1,oil,1.2756608552987072e-4
2,oil,1.261998918739992e-4
3,oil,3.514931026744677e-4
4,oil,5.416166801048042e-4
1,milk,3.117603252669699e-5
2,milk,7.523604079329557e-4
3,milk,1.537316178110746e-4
4,milk,8.773208928381922e-4
1,muffins,3.280775163896996e-5
2,muffins,2.232722339325746e-4
3,muffins,1.6388988307882755e-4
4,muffins,2.4409146289165233e-4
1,beef,0.0020566407908190927
2,beef,0.0011931746218027835
3,beef,3.059278767151806e-4
4,beef,6.381769866204076e-4
1,corned,9.127208990666535e-5
2,corned,1.541274483882227e-4
3,corned,2.681168140917526e-4
4,corned,3.2944565774442554e-4
1,duck,1.1179270560817328e-4
2,duck,6.474037845212903e-4
3,duck,6.355589056354515e-4
4,duck,1.765594682673171e-4
1,smoothie,2.182287691887334e-5
2,smoothie,1.9254304336335817e-4
3,smoothie,1.6712805189847554e-4
4,smoothie,1.0140375680126204e-4
1,macaroni,9.372049671076748e-5
2,macaroni,1.6750035228176038e-4
3,macaroni,3.5966203190642664e-5
4,macaroni,3.8890927039665514e-5
1,chips,8.624618101204593e-4
2,chips,9.156027228453532e-4
3,chips,2.317062191396068e-5
4,chips,0.0014290597319126482
1,cinnamon,2.9320753824345683e-4
2,cinnamon,3.1565486414666466e-4
3,cinnamon,6.686951357698697e-4
4,cinnamon,5.05889678531207e-4
1,spread,2.8140634602931034e-4
2,spread,2.4859515850908384e-4
3,spread,3.41868895997771e-4
4,spread,8.20346755276419e-5
1,shake,1.6125476622813988e-4
2,shake,1.8028218972310626e-4
3,shake,2.1714023620140706e-4
4,shake,1.404922834991937e-4
1,vegetarian,3.83085737601042e-5
2,vegetarian,3.649856867371341e-4
3,vegetarian,2.90535475436419e-4
4,vegetarian,0.001092591881743683
1,whiskey,7.013030495677302e-5
2,whiskey,1.812933397272009e-5
3,whiskey,1.8223898288282744e-4
4,whiskey,2.1025471502320205e-4
1,pumpkin,1.6694644726022945e-5
2,pumpkin,2.5788901995555617e-4
3,pumpkin,3.031608290037896e-4
4,pumpkin,2.0490007479156443e-4
1,mother's,1.991398799793307e-4
2,mother's,1.8066144402051275e-4
3,mother's,3.231856321156776e-5
4,mother's,1.1223121164309357e-4
1,dressing,6.851057597560148e-4
2,dressing,2.440899475969116e-6
3,dressing,8.755556249910936e-4
4,dressing,7.26162316798602e-5
1,beans,0.00022901937702095115
2,beans,0.0014288202091800176
3,beans,1.1713028407893831e-5
4,beans,0.0014087771464523044
1,tortilla,2.825601775918654e-4
2,tortilla,2.599361534457784e-4
3,tortilla,2.662205716605556e-4
4,tortilla,1.2860273602206481e-4
1,meatloaf,4.1405359168827824e-4
2,meatloaf,2.679529022033536e-6
3,meatloaf,7.042138929993168e-5
4,meatloaf,2.2205999736623207e-5
1,corn,8.449961832173569e-4
2,corn,1.3545686237762813e-4
3,corn,4.772158667335154e-4
4,corn,7.321104309930597e-4
1,foie,8.342982620063483e-5
2,foie,9.411315968598047e-5
3,foie,3.904786804359357e-5
4,foie,5.183864546373523e-5
1,butter,0.0015528140770216838
2,butter,9.352311001657601e-4
3,butter,7.647014507510699e-4
4,butter,7.188984254569254e-4
1,cauliflower,2.847083683292808e-4
2,cauliflower,2.6665778585427933e-4
3,cauliflower,1.284757414163986e-4
4,cauliflower,1.2433005725801175e-4
1,dessert,7.55600484629257e-4
2,dessert,7.574183862236478e-4
3,dessert,0.0014882859483057822
4,dessert,0.002111426116911685
1,syrup,1.8104648845240266e-4
2,syrup,5.842111326055603e-4
3,syrup,8.450559854572532e-4
4,syrup,4.563285182316094e-4
1,queso,1.413205817160848e-4
2,queso,1.453708767039346e-4
3,queso,1.3388862286214853e-4
4,queso,1.1732250749411681e-4
1,cracker,2.05786234886695e-4
2,cracker,5.9689302647725305e-5
3,cracker,9.805449100084296e-5
4,cracker,1.1911864236189278e-4
1,strawberries,1.4466137293931371e-5
2,strawberries,2.5204536793571816e-5
3,strawberries,6.302620655103361e-4
4,strawberries,7.702569028336855e-5
1,fruit,6.034863304288639e-4
2,fruit,3.6248002503877025e-4
3,fruit,9.356981794973516e-4
4,fruit,9.013718084712626e-4
1,apple,6.095362204883428e-4
2,apple,3.327749364976943e-4
3,apple,3.0475002132791866e-4
4,apple,6.059203915498602e-4
1,tomato,9.460619600081934e-4
2,tomato,8.620928751045605e-4
3,tomato,6.518756524850881e-4
4,tomato,6.111595150859528e-4
1,roll,5.005690303956518e-4
2,roll,2.1265389649805026e-4
3,roll,4.899941424744027e-4
4,roll,8.861936500655579e-4
1,mango,5.176700859445875e-5
2,mango,3.006104498698095e-4
3,mango,1.422594901669993e-4
4,mango,6.109095416103256e-5
1,sweet,0.0032802045067264894
2,sweet,0.0031100790042505144
3,sweet,8.864197210752765e-5
4,sweet,0.0027106425115018644
1,danish,6.71813351690351e-5
2,danish,8.980937072769898e-6
3,danish,4.950837212701672e-5
4,danish,1.5761994774234903e-5
1,goat,5.165569888551139e-4
2,goat,3.731337230830635e-5
3,goat,1.8477627055277384e-4
4,goat,4.472408208273655e-4
1,rye,5.330477829244207e-5
2,rye,3.450816707287218e-5
3,rye,1.83412043130418e-4
4,rye,3.532581318262103e-4
1,bear,1.566988671805696e-4
2,bear,8.990035586361711e-5
3,bear,3.646521923946326e-5
4,bear,2.1671700873211552e-5
1,parmesan,4.202189533649948e-5
2,parmesan,1.72285076181405e-4
3,parmesan,2.0165131581319524e-4
4,parmesan,1.970339612277869e-4
1,sausage,0.0020059636447069045
2,sausage,0.0012137114850746516
3,sausage,0.0012316545912510726
4,sausage,2.5922831523867866e-4
1,pastrami,3.671069388167683e-5
2,pastrami,2.0215250513531153e-6
3,pastrami,2.656951342629788e-4
4,pastrami,1.7943043405769756e-4
1,spanish,1.414914745998567e-4
2,spanish,6.457435496578426e-5
3,spanish,1.1721452256188384e-4
4,spanish,1.2198477273484187e-4
1,garlic,2.4551067404006167e-4
2,garlic,7.709721136318922e-5
3,garlic,7.63527833925667e-4
4,garlic,8.129574201458777e-4
1,yogurt,1.3998812585637848e-4
2,yogurt,8.074783193350951e-5
3,yogurt,2.987854496835324e-4
4,yogurt,3.696884046240168e-5
1,tomatoes,9.682078610211162e-4
2,tomatoes,1.9294905034422639e-4
3,tomatoes,1.790683108052907e-4
4,tomatoes,7.225748902924047e-4
1,pineapple,1.6114961110508418e-4
2,pineapple,1.4955924073887513e-4
3,pineapple,1.3532701617390656e-4
4,pineapple,2.1574264354682368e-4
1,ham,0.001489432680093564
2,ham,5.078432836158759e-4
3,ham,1.3619387037316506e-4
4,ham,2.5628259242559804e-4
1,wheat,1.7843954397048112e-4
2,wheat,1.373636580400716e-4
3,wheat,7.451073757627012e-5
4,wheat,3.079457254667555e-4
1,gras,3.653747250280926e-5
2,gras,1.6201120162178214e-4
3,gras,1.240597922237844e-4
4,gras,1.321995137796742e-4
1,potato,9.9673616475169e-4
2,potato,7.738275043732103e-4
3,potato,0.0010531531295724134
4,potato,5.312493833061792e-4
1,sprouts,4.137522064367753e-4
2,sprouts,8.308895426390314e-5
3,sprouts,2.474910771621674e-4
4,sprouts,2.1362664333954168e-4
1,turkey,2.6373126186646006e-4
2,turkey,1.3736356253310898e-4
3,turkey,8.559715774086768e-4
4,turkey,9.396933752574011e-4
1,pastry,1.6436754243000348e-4
2,pastry,1.7371238253539688e-4
3,pastry,4.596160318194301e-4
4,pastry,3.250277469334024e-4
1,onion,5.848698181960164e-4
2,onion,6.139653808084392e-4
3,onion,6.620023224367663e-4
4,onion,4.728211921203683e-4
1,tart,3.4781917198525766e-4
2,tart,4.9160768066343847e-5
3,tart,6.898888387734547e-5
4,tart,1.382704303294475e-4
1,pudding,2.52440673528689e-4
2,pudding,3.6725966230691687e-4
3,pudding,3.6035891351415264e-4
4,pudding,4.4036233406000505e-4
1,peanut,3.334131453488677e-4
2,peanut,1.7821053057961292e-4
3,peanut,7.015368044749721e-5
4,peanut,2.629982802987586e-4
1,green,8.570443263443446e-4
2,green,0.0011627498038505324
3,green,0.001252118838677838
4,green,3.4437609056358167e-4
1,blueberries,1.0780278006164369e-4
2,blueberries,1.5277999950880284e-4
3,blueberries,7.33047166499374e-5
4,blueberries,3.5449304515640296e-5
1,grain,1.3415570950778925e-4
2,grain,4.880535431978881e-5
3,grain,1.5186205484592373e-5
4,grain,1.2228735662743603e-4
1,broccoli,3.313139434992213e-4
2,broccoli,6.238339947115154e-5
3,broccoli,1.724955749244642e-4
4,broccoli,6.724148614977366e-6
1,sugar,6.809514771224266e-5
2,sugar,8.130630497848012e-4
3,sugar,9.93209018653251e-4
4,sugar,2.1309926226646014e-4
1,dates,9.55684711245914e-5
2,dates,5.246325084433081e-5
3,dates,1.9672285793645435e-6
4,dates,9.242520573885207e-5
1,cereal,5.268807205148857e-6
2,cereal,1.9765830298511316e-5
3,cereal,8.10783669365578e-5
4,cereal,5.310659086951211e-5
1,honey,5.785166358357954e-4
2,honey,1.0055188962574332e-5
3,honey,6.407950016080159e-4
4,honey,4.765792015474967e-4
1,noodles,1.2325524466367903e-4
2,noodles,1.2179053800834568e-4
3,noodles,1.7131123037088627e-4
4,noodles,1.2779541530520626e-4
1,crust,3.2886422728783455e-4
2,crust,1.4646291441228733e-4
3,crust,5.1880956386591e-4
4,crust,1.771508554983985e-4
1,bean,2.6030108467599625e-4
2,bean,3.147714447493876e-4
3,bean,3.109466359266001e-4
4,bean,1.0669014466870153e-5
1,mung,3.3922146102918797e-6
2,mung,4.8760183797499675e-6
3,mung,6.503483628118492e-7
4,mung,2.5272559415306764e-6
1,falafel,5.789789174043451e-5
2,falafel,7.62074105053232e-5
3,falafel,1.4587320601334517e-5
4,falafel,4.796690166218625e-5
1,flower,1.123418732483697e-5
2,flower,6.991442380184004e-5
3,flower,5.5077466585527425e-5
4,flower,4.251763243054571e-6
1,wild,2.46683890772089e-4
2,wild,1.7321953190988106e-4
3,wild,1.291865783082206e-4
4,wild,1.671895332319536e-5
1,okra,6.392980591777267e-5
2,okra,2.301360924156804e-5
3,okra,7.568930270302771e-5
4,okra,1.0165043546294266e-4
1,dip,0.00038929042203297197
2,dip,4.4789316819714137e-4
3,dip,1.1022779780530393e-4
4,dip,1.512186218259375e-4
1,tofu,1.7736939766226212e-4
2,tofu,1.412858414134723e-4
3,tofu,6.142660408791439e-5
4,tofu,2.1406048598696914e-4
1,tempeh,1.8311273632666572e-5
2,tempeh,3.0505017521671763e-5
3,tempeh,4.076297483249246e-5
4,tempeh,1.2382201029246473e-5
1,mushrooms,4.398024031715797e-4
2,mushrooms,2.2817854746228034e-4
3,mushrooms,6.582970917029734e-4
4,mushrooms,1.039088552809894e-4
1,dough,4.005415363906095e-4
2,dough,2.743924828273217e-5
3,dough,1.4995294798686738e-4
4,dough,2.1772493986857783e-4
1,focaccia,1.8198731472853853e-5
2,focaccia,2.7484938620149693e-5
3,focaccia,3.517628709752503e-5
4,focaccia,6.067888063133896e-5
1,capers,6.381427490505683e-5
2,capers,6.444155952549952e-5
3,capers,3.0301849070848254e-5
4,capers,4.9531252327773534e-5
1,mixed,3.3586822936543866e-4
2,mixed,2.561503279141783e-4
3,mixed,6.28065463948909e-4
4,mixed,5.154390589486408e-4
1,plain,5.924021980614715e-4
2,plain,1.6396285282029084e-4
3,plain,4.368109960887586e-5
4,plain,3.337421577300758e-4
1,root,9.017384657009485e-5
2,root,2.2635849882383473e-5
3,root,9.518356466301327e-5
4,root,1.6647319018730966e-5
1,rolls,5.633784010619658e-5
2,rolls,3.600591802900014e-4
3,rolls,3.398502308219097e-4
4,rolls,2.7616909461888526e-4
1,cheesecake,1.7284673204206395e-4
2,cheesecake,1.6267617274755197e-4
3,cheesecake,2.7323134119653606e-4
4,cheesecake,8.929593486336407e-5
1,patty,2.489718770383242e-4
2,patty,8.836285963143463e-5
3,patty,1.4797880169155602e-4
4,patty,2.960486992517555e-4
1,salmon,8.417702103699771e-4
2,salmon,6.132162309985053e-4
3,salmon,7.904862032127847e-4
4,salmon,2.291647259508325e-4
1,malt,1.6554311108405305e-5
2,malt,6.730076673226023e-6
3,malt,5.004265370267472e-5
4,malt,1.1973433982243165e-5
1,muffin,2.2860683767505105e-5
2,muffin,1.8672489215988724e-4
3,muffin,5.261684290392803e-4
4,muffin,3.4968436627149676e-4
1,scrapple,4.8822374655473686e-5
2,scrapple,7.144854483020219e-5
3,scrapple,1.074575974718509e-4
4,scrapple,7.194150246606479e-5
1,toppings,3.693929831748976e-5
2,toppings,5.468316350837231e-5
3,toppings,3.470378084633322e-4
4,toppings,5.3659970247504e-4
1,orange,3.78742438314794e-4
2,orange,7.224155585471257e-4
3,orange,2.588158755778872e-4
4,orange,3.0492001213612585e-4
1,blueberry,5.15453014231797e-5
2,blueberry,8.54265800447804e-4
3,blueberry,1.6730839743752185e-4
4,blueberry,5.515387004175506e-5
1,guacamole,1.6400610655677825e-4
2,guacamole,4.4927291856868196e-4
3,guacamole,1.5468007746185608e-4
4,guacamole,1.3113032567498795e-4
1,pulled,1.505743735990168e-4
2,pulled,7.320835767161333e-4
3,pulled,2.474519355958397e-4
4,pulled,1.6869485150546905e-4
1,clam,2.176614673525752e-5
2,clam,1.3571709306339658e-4
3,clam,1.2113324724131352e-4
4,clam,1.0958629065887063e-4
1,tortillas,6.438471680107235e-5
2,tortillas,1.3637864911201928e-4
3,tortillas,2.5133221925715155e-4
4,tortillas,1.160326968809142e-4
1,rose,3.178855080334278e-5
2,rose,2.6932141784907232e-5
3,rose,1.090493828885397e-4
4,rose,2.246219960762616e-4
1,tamales,5.7476892921148943e-05
2,tamales,5.295468804854715e-5
3,tamales,1.410259442999571e-5
4,tamales,2.735633177696511e-5
1,quail,4.082259634531891e-5
2,quail,3.529478427378967e-5
3,quail,7.960881801220626e-5
4,quail,4.611516313172994e-5
1,veggie,6.170325552387158e-4
2,veggie,1.349747795420278e-4
3,veggie,7.17534650963635e-4
4,veggie,1.7997944774125068e-4
1,lasagna,1.1951354040937859e-4
2,lasagna,1.4782946164545977e-5
3,lasagna,2.3226637987075634e-6
4,lasagna,7.036329815838903e-5
1,barbecue,7.521535504702371e-5
2,barbecue,4.184175760432364e-5
3,barbecue,6.044968812050614e-6
4,barbecue,6.729440969605782e-5
1,dry,6.533557779631058e-5
2,dry,6.605145637774095e-4
3,dry,0.001320459250266561
4,dry,5.583921300963911e-4
1,onions,6.796250352608745e-4
2,onions,4.756598036344424e-4
3,onions,4.162088950303489e-5
4,onions,0.0013621980717231003
1,souffle,7.151087769669668e-5
2,souffle,6.374714065592832e-5
3,souffle,2.4137183492215382e-5
4,souffle,7.159457958788247e-5
1,kale,4.563236712708329e-6
2,kale,3.252947153102068e-4
3,kale,2.3654470958467288e-4
4,kale,2.3818598815845138e-4
1,pickle,1.5370731477090235e-4
2,pickle,5.8931385187427834e-5
3,pickle,4.003843461196236e-5
4,pickle,2.2180553880865594e-4
1,soy,1.1775521178164192e-4
2,soy,1.0148580654542642e-4
3,soy,3.0180383295109955e-5
4,soy,1.845187135366113e-4
1,bison,1.815593141473253e-5
2,bison,5.9075816202371606e-5
3,bison,6.138339087092142e-5
4,bison,8.093362020641069e-6
1,stew,5.034944928903035e-5
2,stew,3.396176307904944e-5
3,stew,8.047925844599608e-5
4,stew,8.3891222444228e-5
1,rings,7.800154594903072e-5
2,rings,1.2750961080455808e-5
3,rings,3.8010899953406316e-5
4,rings,4.062796660502796e-4
1,acorn,2.084635694556273e-6
2,acorn,1.3150370263983937e-5
3,acorn,1.123125997684254e-6
4,acorn,4.459341599725468e-6
1,moose,7.999883962528022e-6
2,moose,7.846333758286881e-6
3,moose,1.1811425592443956e-6
4,moose,3.779949642985565e-6
1,pretzels,5.081004381368867e-5
2,pretzels,2.5619245573025754e-5
3,pretzels,5.202315476389135e-6
4,pretzels,3.904952343950391e-5
1,balls,1.6032553469086386e-4
2,balls,9.316008015809671e-5
3,balls,2.5272805526260317e-4
4,balls,1.3404291039825713e-6
1,dutch,1.0787955075915712e-5
2,dutch,9.650537742433031e-5
3,dutch,1.6888232092902855e-4
4,dutch,7.972741466770065e-5
1,ginger,1.585070720139429e-4
2,ginger,2.5017172165360972e-5
3,ginger,3.076615514556335e-4
4,ginger,1.0588595866677088e-4
1,sea,2.0657622802213777e-4
2,sea,1.7847022372441184e-5
3,sea,1.739917361532214e-4
4,sea,1.8308817637260088e-4
1,mustard,4.147567851566268e-4
2,mustard,8.556979027106862e-5
3,mustard,3.013169554773577e-4
4,mustard,8.961018477315324e-5
1,flan,4.161244826665427e-5
2,flan,5.058836995655481e-5
3,flan,4.074157778718308e-5
4,flan,1.9992610218404918e-5
1,spinach,6.527568986821163e-4
2,spinach,2.256757926953254e-4
3,spinach,5.671595038674236e-4
4,spinach,6.00739377666026e-4
1,octopus,2.427793795725483e-4
2,octopus,3.0834111331950084e-5
3,octopus,1.0719799104532608e-4
4,octopus,2.1581057666180054e-5
1,cocktail,3.912346422769518e-4
2,cocktail,4.877945529927673e-4
3,cocktail,5.283312750576937e-4
4,cocktail,4.488893476065549e-4
1,lemon,1.0577033581936747e-4
2,lemon,3.53866386587528e-4
3,lemon,0.0013201936447521446
4,lemon,1.0740659221209753e-4
1,pimento,1.9458165593288938e-5
2,pimento,1.0006598061027257e-4
3,pimento,1.1745704656138768e-5
4,pimento,1.2585813465669466e-4
1,pear,6.513579545365748e-5
2,pear,9.085677613400716e-5
3,pear,3.1864674662930386e-5
4,pear,1.4830279049865403e-4
1,eggplant,1.2519322463929835e-4
2,eggplant,1.49321470057704e-4
3,eggplant,1.5661630213597457e-4
4,eggplant,5.991813211723554e-5
1,entrees,2.7158406087626454e-4
2,entrees,3.352641514076781e-4
3,entrees,0.0013780855258532306
4,entrees,1.1851657525262726e-4
1,desserts,6.234505403151617e-5
2,desserts,9.173080430427788e-4
3,desserts,4.535003273412082e-4
4,desserts,2.3834477463822285e-4
1,mocha,2.1183390228565226e-4
2,mocha,5.5091198662872704e-5
3,mocha,6.237371089629969e-6
4,mocha,2.2519405323257843e-4
1,olives,6.269037018837443e-5
2,olives,4.2944826863605323e-05
3,olives,1.8175610759737067e-4
4,olives,1.8191557788176357e-4
1,hush,7.322161048445612e-6
2,hush,7.818900925498437e-5
3,hush,7.600264916287791e-5
4,hush,2.8973419310949693e-6
1,puppies,3.800083988993808e-5
2,puppies,5.849701420010126e-5
3,puppies,8.022862829912941e-6
4,puppies,6.511544040914267e-5
1,lemonade,8.95361951279924e-5
2,lemonade,1.9155692925614163e-4
3,lemonade,1.2357343317961886e-4
4,lemonade,1.0105456923931887e-4
1,guava,3.89031898311038e-5
2,guava,3.9504435260088476e-5
3,guava,2.496172101037855e-5
4,guava,4.959103583683886e-5
1,carrot,3.34418510540528e-4
2,carrot,4.238697748949658e-5
3,carrot,3.102250958239856e-5
4,carrot,1.2462885615698952e-4
1,pepper,5.6629374372633e-4
2,pepper,5.170002287524936e-4
3,pepper,1.7841113297254157e-4
4,pepper,5.341721017412329e-4
1,marmalade,4.282186173002249e-5
2,marmalade,1.8679085540340096e-5
3,marmalade,2.448522363488318e-5
4,marmalade,5.655967524515088e-5
1,buns,9.734339708798994e-5
2,buns,2.82351915754744e-4
3,buns,2.8024575074253454e-5
4,buns,3.9748764011602186e-5
1,plantains,3.260428393374442e-5
2,plantains,3.223747095391328e-5
3,plantains,1.026969591814185e-5
4,plantains,1.1849072576969487e-4
1,squash,1.1110165284248574e-4
2,squash,3.0281360234140053e-4
3,squash,5.160580128222154e-5
4,squash,5.1658228785512066e-5
1,frozen,1.3241464465305953e-4
2,frozen,2.633738013689721e-4
3,frozen,3.9235145826628867e-4
4,frozen,1.420484737557208e-4
1,turtle,1.0146207593244889e-4
2,turtle,9.04256425515099e-5
3,turtle,1.540397471385453e-4
4,turtle,1.378982973961412e-4
1,peppermint,1.7652894474560605e-5
2,peppermint,6.927286417782193e-6
3,peppermint,2.7243995038654533e-5
4,peppermint,2.3085325413169237e-5
1,granola,7.574302978228575e-5
2,granola,1.5369429903231918e-4
3,granola,9.525334939738893e-5
4,granola,9.987531654510738e-5
1,toddler,4.115968758415307e-5
2,toddler,5.307865542520362e-5
3,toddler,4.574681582687654e-5
4,toddler,1.4900990608954084e-6
1,asparagus,1.3570711144748342e-4
2,asparagus,1.656690310328369e-4
3,asparagus,1.303231713286005e-4
4,asparagus,1.0204708868199658e-4
1,loaf,1.0857855370595934e-4
2,loaf,3.0980166757313055e-5
3,loaf,7.817601934665728e-5
4,loaf,7.248905513700891e-5
1,links,3.184220775311829e-5
2,links,4.861341326417504e-5
3,links,5.614908879451701e-5
4,links,4.9655828818281765e-5
1,split,3.409900980422902e-4
2,split,4.135507031083218e-4
3,split,7.460475273692831e-4
4,split,3.1285295835407776e-4
1,pate,4.120879672850868e-5
2,pate,2.480510972752806e-5
3,pate,9.647942899562007e-5
4,pate,2.1629614577515702e-5
1,tenders,5.786382212736031e-5
2,tenders,5.521520502933877e-5
3,tenders,1.0743322790737911e-4
4,tenders,5.831816762428975e-5
1,olive,9.203350016154509e-5
2,olive,3.8467934522613763e-4
3,olive,1.2657156802051966e-4
4,olive,1.7961072539035654e-5
1,wasabi,1.173780997288202e-6
2,wasabi,4.8357865641586296e-5
3,wasabi,2.300136658488902e-5
4,wasabi,4.8219910861533694e-05
1,pastries,4.6919210965009993e-4
2,pastries,2.7736005745999763e-4
3,pastries,4.6702740484143377e-4
4,pastries,2.636007176206733e-4
1,cucumber,4.567422413195711e-5
2,cucumber,2.84634729435765e-4
3,cucumber,1.0476321703367407e-4
4,cucumber,1.2175375552282746e-4
1,horseradish,1.5086240811942086e-4
2,horseradish,1.604416659482012e-5
3,horseradish,6.962620400636101e-5
4,horseradish,9.215048438693099e-5
1,school,3.7191980432840213e-4
2,school,1.5210216754515645e-4
3,school,1.1233531393101393e-4
4,school,5.029995555960304e-4
1,punch,4.563365097605022e-5
2,punch,2.1809115321997337e-4
3,punch,4.7870888629855986e-5
4,punch,1.349298324284446e-4
1,sorghum,1.0166767600180576e-5
2,sorghum,7.400764026247926e-6
3,sorghum,8.910589194699443e-6
4,sorghum,2.647359347361436e-6
1,ravioli,5.6472275965780024e-5
2,ravioli,4.9413976148789224e-5
3,ravioli,8.459904941285371e-5
4,ravioli,1.748038653427112e-4
1,broth,2.757644432286778e-5
2,broth,1.314359514835411e-4
3,broth,2.3966322720204888e-4
4,broth,1.4246432585172196e-4
1,dairy,8.230835651682078e-5
2,dairy,5.6511037446132e-5
3,dairy,1.3490313241310565e-4
4,dairy,8.104675166023207e-5
1,peach,2.744598079731677e-4
2,peach,9.06254851411343e-5
3,peach,6.926524963980478e-5
4,peach,1.2628494936359978e-4
1,breast,4.93144773199726e-5
2,breast,1.4891444199962824e-4
3,breast,1.4789614637785912e-4
4,breast,2.679585016430757e-4
1,frog,3.0319838649302628e-5
2,frog,1.1609727848867084e-5
3,frog,1.2339697331737742e-05
4,frog,2.2712729062499318e-5
1,shell,1.350421695340478e-4
2,shell,4.365368741596885e-5
3,shell,3.168070223382265e-4
4,shell,1.1721966240684379e-4
1,blend,2.4432612984607145e-4
2,blend,2.8140357045096376e-4
3,blend,3.124522496816128e-5
4,blend,5.8896815093584824e-5
1,basil,4.0084181230450004e-5
2,basil,1.305912474398072e-4
3,basil,2.7117601014021574e-4
4,basil,2.1169336234309915e-4
1,croissants,9.087430703698823e-5
2,croissants,4.7375337377603664e-5
3,croissants,1.1203803464172281e-4
4,croissants,6.283897614733359e-5
1,edamame,1.0434807656127477e-5
2,edamame,1.2129972668834953e-5
3,edamame,3.964481933850237e-5
4,edamame,2.623648302282804e-5
1,vanilla,1.223698573451881e-4
2,vanilla,2.0645538861025837e-4
3,vanilla,5.841425419090461e-4
4,vanilla,2.2323255952914344e-4
1,lettuce,6.913180355680544e-4
2,lettuce,3.492417397945975e-4
3,lettuce,9.771665341405436e-6
4,lettuce,3.6128052486012597e-4
1,celery,4.867464138321899e-5
2,celery,2.8321949383999366e-5
3,celery,1.7153305577305393e-5
4,celery,1.212822870592134e-4
1,beverage,5.168721988481084e-5
2,beverage,1.5362493504118496e-4
3,beverage,2.1689432381742782e-4
4,beverage,1.5535071378041824e-4
1,spaghetti,9.540327742409002e-5
2,spaghetti,2.2133943620879473e-5
3,spaghetti,5.816257039982802e-5
4,spaghetti,1.5726808448161754e-4
1,protein,1.8232532006280427e-5
2,protein,1.6653455820845643e-4
3,protein,6.0018148485760485e-5
4,protein,1.5493593960001978e-4
1,parsley,3.6789126952760993e-6
2,parsley,6.239597282940319e-5
3,parsley,4.2114148648493e-5
4,parsley,1.2534503694058863e-5
1,beet,7.185053778364216e-5
2,beet,1.1018869072878986e-4
3,beet,1.9427122461233932e-4
4,beet,7.42022467619522e-5
1,peppers,7.619255893388847e-4
2,peppers,5.228833459549507e-4
3,peppers,4.301343271484031e-6
4,peppers,2.368657732633077e-4
1,dill,5.5587819745312966e-5
2,dill,6.223901825794148e-5
3,dill,9.378610952333994e-5
4,dill,4.2242836317364055e-5
1,vegetables,2.978994160983356e-4
2,vegetables,2.920628405017974e-4
3,vegetables,3.270275327545599e-4
4,vegetables,4.6258538134646446e-5
1,eggnog,1.0731808194427529e-5
2,eggnog,8.265128884037066e-7
3,eggnog,1.0255518188721549e-5
4,eggnog,4.1869721830825445e-6
1,creamy,1.3345625610809958e-4
2,creamy,7.208124487049295e-4
3,creamy,7.122606310660763e-4
4,creamy,5.419630646315405e-4
1,cranberry,6.775614738836995e-5
2,cranberry,6.679837479686906e-6
3,cranberry,1.4895252668046562e-4
4,cranberry,7.93420817312974e-5
1,stuffing,9.753332347030133e-5
2,stuffing,1.0271764243992506e-5
3,stuffing,9.46899937919039e-5
4,stuffing,4.087891362363456e-5
1,jams,1.9939271397897764e-5
2,jams,1.6121952432836128e-5
3,jams,1.1679299022786138e-4
4,jams,3.1291079364200144e-5
1,jackfruit,1.4830774163597928e-5
2,jackfruit,1.0789571110342079e-5
3,jackfruit,5.934494923158531e-6
4,jackfruit,1.8390209504087762e-5
1,yellow,2.3340212319500927e-4
2,yellow,6.237961364032895e-5
3,yellow,8.840048604285076e-5
4,yellow,6.50995508240974e-5
1,brussels,1.678629168068795e-4
2,brussels,1.023218416369685e-4
3,brussels,1.1172892176333933e-4
4,brussels,1.559727977042578e-4
1,pepperoni,3.844345454061861e-5
2,pepperoni,3.616622925489198e-5
3,pepperoni,1.166202074734272e-5
4,pepperoni,6.774612001142583e-5
1,preserves,7.07429015981502e-5
2,preserves,5.004939099860917e-5
3,preserves,3.621161591461635e-5
4,preserves,1.3581504180559507e-5
1,berry,1.1363449519235651e-5
2,berry,7.550322275139623e-5
3,berry,1.5420861702020538e-4
4,berry,1.7732774780613865e-4
1,cone,6.046757198971545e-6
2,cone,2.1051198984973565e-6
3,cone,5.228155369217852e-5
4,cone,1.134933766160817e-5
1,cabbage,1.4378664425390556e-4
2,cabbage,2.074341184998463e-4
3,cabbage,7.488911779509863e-5
4,cabbage,4.120642250327524e-7
1,beets,3.4991963844956825e-7
2,beets,1.4368353279542334e-4
3,beets,9.281152206878102e-5
4,beets,6.291542841764284e-5
1,maraschino,1.9738222987351914e-6
2,maraschino,3.760425140262702e-6
3,maraschino,7.679593397837326e-6
4,maraschino,6.358136341087221e-6
1,sweetener,4.7223536471741876e-7
2,sweetener,2.3021331927998686e-5
3,sweetener,2.0839506508371403e-5
4,sweetener,1.8116562426242735e-5
1,salami,3.878283413873762e-5
2,salami,3.139236192545737e-5
3,salami,5.1295684702992284e-5
4,salami,3.7711699635478456e-5
1,pigeon,3.4297002540794866e-5
2,pigeon,1.3982351779732087e-6
3,pigeon,7.3323009012409765e-6
4,pigeon,3.083094037273815e-5
1,hazelnut,3.277114976262262e-5
2,hazelnut,4.89993427431924e-5
3,hazelnut,8.48441170578371e-5
4,hazelnut,1.232393104391519e-5
1,molasses,2.110720326925788e-5
2,molasses,1.9185902473050633e-5
3,molasses,1.581072066982203e-5
4,molasses,9.435804889089e-6
1,leche,5.3194242154134295e-5
2,leche,1.4709991338861367e-5
3,leche,3.915358519533793e-5
4,leche,1.2396558272958225e-4
1,prepared,7.246360680397934e-4
2,prepared,6.914449919263091e-4
3,prepared,7.555322754430374e-4
4,prepared,1.4498793480968803e-4
1,ground,2.156579898412488e-4
2,ground,1.5813312618001845e-4
3,ground,1.1310265416487088e-4
4,ground,1.30022393490731e-4
1,cocoa,4.496420266548285e-6
2,cocoa,2.6430146075712367e-5
3,cocoa,5.089726679769188e-5
4,cocoa,6.180793828585571e-5
1,quinoa,8.520288843279787e-5
2,quinoa,1.340974799286653e-4
3,quinoa,5.612334328903734e-5
4,quinoa,1.2938611512945919e-4
1,flavored,1.8819139927152463e-4
2,flavored,2.286359820024336e-4
3,flavored,6.928698350095219e-5
4,flavored,1.3504809418879858e-4
1,miso,1.1550227988166616e-5
2,miso,4.918984111750935e-5
3,miso,9.365850979945452e-6
4,miso,2.2525321961735876e-5
1,baking,1.2140270648572988e-4
2,baking,2.0380615590298196e-5
3,baking,3.208617781002347e-5
4,baking,7.946819733052302e-7
1,hen,7.741065064792144e-7
2,hen,3.5017038412194575e-5
3,hen,6.78090426574806e-6
4,hen,5.529370997517176e-5
1,powder,3.831323493535107e-5
2,powder,4.924026070269273e-5
3,powder,5.008796761981036e-5
4,powder,1.5290358759350143e-5
1,palm,6.2102246139917e-5
2,palm,7.044532725774273e-6
3,palm,1.7625971647050553e-5
4,palm,2.5547551363246466e-5
1,peaches,4.6841839876411813e-5
2,peaches,1.2583315219558126e-5
3,peaches,4.10284609411746e-5
4,peaches,9.787274364430119e-6
1,quarters,2.9451586708646147e-5
2,quarters,2.487575082489431e-5
3,quarters,7.383752960744485e-5
4,quarters,3.205497204707856e-5
1,carne,1.0667125950074711e-4
2,carne,4.3397611071675185e-5
3,carne,9.18258625868082e-5
4,carne,6.809979819029474e-5
1,papaya,1.20266151620837e-5
2,papaya,5.406174865380655e-6
3,papaya,5.164501330687814e-6
4,papaya,3.4051549253775682e-06
1,liver,9.06742034314629e-5
2,liver,2.080914183871446e-6
3,liver,7.393395472371421e-5
4,liver,4.548324835765907e-5
1,strudel,3.866377522100227e-6
2,strudel,1.0003493573480165e-5
3,strudel,1.6492843588105045e-5
4,strudel,1.0220805732960663e-5
1,cotija,1.313654065605086e-5
2,cotija,1.761213716354295e-5
3,cotija,2.266069584909247e-5
4,cotija,7.973680421357375e-6
1,flowers,2.764543173063291e-5
2,flowers,4.882705506312026e-5
3,flowers,6.230538306581028e-5
4,flowers,7.976526371587915e-5
1,rosemary,3.732212436845838e-5
2,rosemary,1.3903318047674753e-4
3,rosemary,4.1089937508802604e-5
4,rosemary,1.1562186478390929e-4
1,cilantro,1.1368997890674505e-5
2,cilantro,2.32931547316889e-5
3,cilantro,8.005484654286162e-5
4,cilantro,4.5685493638801923e-4
1,tamarind,1.384062513846392e-5
2,tamarind,1.389188380332481e-5
3,tamarind,2.1041655311646273e-6
4,tamarind,1.1782963350795045e-5
1,arugula,1.0675177363193481e-4
2,arugula,1.762775026717586e-4
3,arugula,2.44609667023399e-5
4,arugula,2.774484334801264e-4
1,twists,1.6188382212172764e-5
2,twists,5.900799765715476e-6
3,twists,4.100370901210796e-5
4,twists,1.2846324807016326e-5
1,product,1.369552961524453e-4
2,product,8.27135702478422e-5
3,product,6.263837712960447e-5
4,product,1.8801201214633633e-4
1,phyllo,1.7104563290060793e-5
2,phyllo,1.2517947662531153e-5
3,phyllo,1.3613440040539919e-5
4,phyllo,1.5026500520692763e-5
1,popcorn,6.619145322444588e-5
2,popcorn,7.257382694810764e-5
3,popcorn,1.5930597600247196e-5
4,popcorn,1.0707257816567895e-5
1,bits,1.2828900300159446e-4
2,bits,2.7004137847077585e-5
3,bits,1.4973177149529965e-4
4,bits,1.0691942725579114e-4
1,mountain,7.190553824880095e-5
2,mountain,2.9898516924738255e-5
3,mountain,3.237666650238391e-5
4,mountain,5.7238685197442286e-5
1,carrots,5.9365357110117585e-5
2,carrots,1.4155399024557813e-4
3,carrots,8.624321324543629e-5
4,carrots,1.8222555874961239e-4
1,potsticker,4.403960163339644e-6
2,potsticker,4.4160869844229073e-7
3,potsticker,1.093349794374307e-6
4,potsticker,2.990914033480185e-7
1,crackers,6.853570858470206e-5
2,crackers,4.100573989383563e-5
3,crackers,7.192291958302825e-5
4,crackers,8.874739739125642e-6
1,candied,7.867912345729081e-5
2,candied,4.7365014005441566e-5
3,candied,8.86403927762729e-5
4,candied,5.3714232308202034e-5
1,hearts,1.9505932283437692e-5
2,hearts,1.0521872754081463e-4
3,hearts,4.7399897762099434e-5
4,hearts,1.4153595776656059e-5
1,vermicelli,9.474504903161761e-6
2,vermicelli,8.097973960184076e-6
3,vermicelli,4.2970110360859174e-6
4,vermicelli,2.0554845464854626e-6
1,substitute,1.4738634819532107e-4
2,substitute,9.835308513486483e-5
3,substitute,4.378107733801631e-5
4,substitute,4.3339394037857335e-5
1,grape,2.0162847083047357e-5
2,grape,5.763618728576941e-7
3,grape,1.0353332802190097e-4
4,grape,4.01057843454483e-5
1,leaves,3.290274666744949e-5
2,leaves,8.503897128479108e-5
3,leaves,2.149435711664244e-4
4,leaves,1.1352337663725818e-4
1,crumbs,2.816870387147275e-5
2,crumbs,1.177180277516831e-5
3,crumbs,6.726998646690809e-5
4,crumbs,7.593172825484967e-5
1,parfait,4.5200062990843127e-5
2,parfait,2.938501363437371e-5
3,parfait,2.479116319881113e-5
4,parfait,2.8583064126989953e-5
1,trout,2.135373046989015e-5
2,trout,6.610157616773502e-5
3,trout,1.4045099853853023e-4
4,trout,2.388276820135875e-5
1,nuts,1.9420233052807416e-4
2,nuts,1.7335360670001323e-4
3,nuts,1.0276143885037294e-4
4,nuts,8.623388334343561e-7
1,kielbasa,9.057826653560655e-6
2,kielbasa,3.3111653432096588e-6
3,kielbasa,8.970677314064812e-6
4,kielbasa,1.6119663559949632e-5
1,oats,1.1215886093061686e-5
2,oats,2.3603375063763712e-5
3,oats,1.4918011201853415e-5
4,oats,1.6862787536315355e-5
1,sticks,8.408958515615884e-5
2,sticks,1.0583768855158993e-4
3,sticks,1.9373465243215497e-5
4,sticks,9.350896258938963e-5
1,grapefruit,1.288398342448477e-4
2,grapefruit,9.091006602347793e-5
3,grapefruit,5.752919746921194e-5
4,grapefruit,1.4992884199103856e-5
1,peas,1.1365930466476778e-5
2,peas,7.260878174108135e-5
3,peas,9.832894613829756e-5
4,peas,6.121778641807391e-5
1,seasoning,3.988491339262366e-4
2,seasoning,1.5695894653815318e-4
3,seasoning,1.468623201874064e-4
4,seasoning,1.7626428125697122e-4
1,willow,1.2750640540161857e-5
2,willow,2.3488310381702832e-5
3,willow,2.299935775751448e-5
4,willow,6.083393011814197e-8
1,replacement,1.8177011734052602e-5
2,replacement,1.7333704098881282e-5
3,replacement,5.9453196532310474e-5
4,replacement,2.9890591671433016e-5
1,legs,3.2168491541713874e-5
2,legs,1.1613536495934725e-4
3,legs,9.379112201225395e-5
4,legs,5.543573451666982e-6
1,pea,9.394253183851297e-5
2,pea,1.9381734796081636e-5
3,pea,3.760100158945085e-5
4,pea,5.0432852969153475e-6
1,mouse,2.5475170644402708e-5
2,mouse,4.323584039353061e-5
3,mouse,1.4246096392208194e-6
4,mouse,2.6643819178773828e-5
1,rhubarb,3.0131728251590257e-5
2,rhubarb,1.9745517927763006e-5
3,rhubarb,3.0183731994190358e-5
4,rhubarb,4.189201148485747e-6
1,beverages,1.3538616614358653e-4
2,beverages,1.9242153639846167e-4
3,beverages,1.8302502761509667e-4
4,beverages,5.304857415318944e-5
1,ear,1.6644255515938955e-5
2,ear,6.925243992004471e-5
3,ear,4.181480050086768e-6
4,ear,2.3369461448131905e-5
1,turnips,1.172820175979303e-5
2,turnips,5.259893418383174e-6
3,turnips,7.543883688949498e-6
4,turnips,4.272159109871884e-7
1,shells,3.535339229529096e-5
2,shells,4.022283941176386e-5
3,shells,3.8400841741422635e-5
4,shells,3.168637348821257e-5
1,artichokes,7.065054083266191e-6
2,artichokes,2.4324095982032475e-5
3,artichokes,4.246100938254138e-5
4,artichokes,2.9174600273851617e-5
1,elk,1.5786659095957644e-6
2,elk,1.857154509676572e-5
3,elk,6.889863415857367e-6
4,elk,6.2665569284087644e-6
1,croutons,4.1592831623191735e-5
2,croutons,2.6366959673514777e-5
3,croutons,8.746423320593845e-5
4,croutons,1.4128877099633997e-5
1,radish,4.2768988296782934e-5
2,radish,1.4394109235082605e-5
3,radish,2.2561962462897456e-5
4,radish,3.366709828381622e-5
1,raisins,3.70338981042368e-5
2,raisins,3.864197453525112e-5
3,raisins,3.8004760570007674e-5
4,raisins,3.3021713717463345e-5
1,fennel,5.682674916887591e-5
2,fennel,5.221264867422721e-5
3,fennel,6.195485296150958e-5
4,fennel,7.920791502598474e-6
1,watermelon,1.867716532079756e-5
2,watermelon,6.575861142684228e-5
3,watermelon,5.626969920170601e-5
4,watermelon,1.861546120649943e-4
1,coffeecake,1.4795831051359365e-6
2,coffeecake,1.191110342126969e-6
3,coffeecake,3.909658319890748e-6
4,coffeecake,7.014809351652664e-7
1,vinegar,5.781944249245355e-5
2,vinegar,1.8632409160192507e-5
3,vinegar,1.4695187199252675e-4
4,vinegar,8.559307025448588e-5
1,blackberry,2.9793363656725437e-5
2,blackberry,9.270316585418841e-5
3,blackberry,3.538629727126375e-5
4,blackberry,8.982968258257074e-5
1,energy,1.3642293816783812e-4
2,energy,1.9460291053309556e-5
3,energy,1.2140126218196616e-4
4,energy,9.302349014006613e-5
1,zealand,4.971912551500708e-6
2,zealand,2.8696828736164395e-6
3,zealand,3.6652693737438788e-6
4,zealand,3.057176115658069e-6
1,yam,3.6834610638889686e-6
2,yam,5.3526865319059635e-6
3,yam,1.3065346930911677e-5
4,yam,9.115461631596208e-6
1,prickly,1.2057505885531872e-5
2,prickly,1.242185449110001e-5
3,prickly,1.414250446195229e-5
4,prickly,2.2773912008743923e-5
1,taro,6.833112281063143e-6
2,taro,1.0468817597306415e-5
3,taro,4.839290606497431e-6
4,taro,4.911653032000307e-6
1,goose,4.514158973492222e-6
2,goose,3.509123448098435e-5
3,goose,4.166483179744554e-5
4,goose,1.972203105953552e-6
1,chard,4.2339082827238096e-6
2,chard,3.8832458095853145e-5
3,chard,2.9414577158247595e-6
4,chard,1.5407866935045456e-5
1,tortellini,2.85115827253494e-6
2,tortellini,7.975982424584237e-6
3,tortellini,8.067625683204004e-6
4,tortellini,1.7535065075411786e-5
1,toaster,2.1655631003207102e-5
2,toaster,3.3600583443724674e-6
3,toaster,3.355043343456326e-5
4,toaster,3.8338827908821826e-6
1,turnip,2.008347821479428e-5
2,turnip,3.425752591178739e-5
3,turnip,1.8809941379275265e-5
4,turnip,1.3209697788469682e-5
1,cherries,1.1148087931699759e-5
2,cherries,2.874718250376909e-5
3,cherries,4.532907046442942e-5
4,cherries,1.674676419566522e-5
1,applesauce,1.7300832783088248e-5
2,applesauce,6.863241270298866e-6
3,applesauce,9.227287664810844e-6
4,applesauce,2.2794360357847805e-5
1,yeast,2.5489179382464187e-5
2,yeast,3.5338409747650644e-5
3,yeast,1.4710552357177727e-5
4,yeast,1.9146589091423394e-5
1,barley,1.0027225793147873e-5
2,barley,1.532750739155484e-5
3,barley,7.90724243340179e-6
4,barley,2.5019684172324133e-5
1,refried,7.683857749065024e-6
2,refried,5.141423813451494e-5
3,refried,4.7692895490514034e-5
4,refried,7.640122674641165e-5
1,vegetable,5.345103974598349e-5
2,vegetable,3.6026370829504804e-4
3,vegetable,1.0550143076858188e-4
4,vegetable,3.1324438510264647e-5
1,puffs,1.6614361491391356e-5
2,puffs,2.1004786889034683e-5
3,puffs,3.066359092424988e-5
4,puffs,1.3910423712566524e-5
1,tostada,2.8349991570462287e-5
2,tostada,2.2657223176419406e-5
3,tostada,2.2701527067411412e-5
4,tostada,3.970920550180107e-5
1,products,2.979041959054475e-4
2,products,2.3312410740304896e-5
3,products,1.864508861667943e-5
4,products,4.169347107881775e-5
1,collards,5.751987910249239e-6
2,collards,1.1374170310598915e-5
3,collards,1.432894735935246e-5
4,collards,1.4333272900377487e-5
1,spices,2.591822798173715e-4
2,spices,5.4867949146094695e-6
3,spices,1.6375867237023738e-4
4,spices,2.5945254742777057e-5
1,couscous,5.9744869142519575e-6
2,couscous,2.1113533519237628e-5
3,couscous,2.357447485333433e-5
4,couscous,1.3856603226091568e-5
1,wrappers,2.3494892502170313e-6
2,wrappers,5.8995771176525e-6
3,wrappers,6.2131965965999424e-6
4,wrappers,1.033298920061843e-7
1,buckwheat,1.898223763326653e-5
2,buckwheat,6.297827068374402e-6
3,buckwheat,4.2729308062105065e-5
4,buckwheat,5.839753853766488e-6
1,apples,1.448031869408784e-4
2,apples,4.691646064033001e-6
3,apples,1.1671325862203976e-4
4,apples,1.5511751966625233e-4
1,flour,6.204086893034682e-5
2,flour,2.771662028326722e-5
3,flour,1.2836959212569576e-4
4,flour,1.3982103634844345e-4
1,bitter,2.712122342642478e-4
2,bitter,3.2126071028534417e-6
3,bitter,1.569360498283396e-4
4,bitter,7.376634392856847e-6
1,topping,1.745544269307146e-4
2,topping,2.9727236995474462e-5
3,topping,2.125907109560281e-4
4,topping,3.240067155863411e-5
1,celeriac,6.239904907269899e-6
2,celeriac,3.262836235924693e-6
3,celeriac,2.786953221584487e-6
4,celeriac,1.2313688066505299e-6
1,brand,1.8269761028906215e-4
2,brand,1.3534417759924984e-4
3,brand,2.778948660148087e-5
4,brand,9.942909785893024e-5
1,roots,3.42441771176338e-5
2,roots,1.844192411337497e-5
3,roots,1.2494412128838217e-5
4,roots,4.927934713951664e-5
1,seeds,6.806088218233877e-5
2,seeds,1.0204606017656544e-5
3,seeds,1.2106904917726426e-4
4,seeds,8.67632155793182e-5
1,relish,1.3607906526991394e-5
2,relish,8.27588228341312e-5
3,relish,5.696564924356011e-8
4,relish,3.577434046337969e-5
1,wonton,8.168414774433934e-6
2,wonton,3.676325192155833e-6
3,wonton,1.3058882713783042e-5
4,wonton,3.3379437118011966e-5
1,franks,3.7159391374434567e-6
2,franks,3.1419979742454077e-6
3,franks,3.99640778129874e-6
4,franks,6.835697346735122e-6
1,grapes,5.031648455591642e-5
2,grapes,1.661785047491166e-5
3,grapes,3.847148225163988e-6
4,grapes,8.322696500474696e-5
1,grass,6.399799387189368e-5
2,grass,3.357506456307676e-5
3,grass,1.2566130297664151e-5
4,grass,6.15307986730374e-5
1,limes,4.7672988146288925e-6
2,limes,2.002139619992563e-5
3,limes,9.565440143056498e-6
4,limes,1.2480172321595623e-5
1,pulp,1.8746613855528427e-5
2,pulp,1.2891422463873951e-5
3,pulp,1.380276906572395e-5
4,pulp,4.487528454724001e-6
1,durian,2.8592671669805347e-6
2,durian,3.1738749733994315e-6
3,durian,3.1896531459031725e-6
4,durian,1.3919367569866142e-7
1,peel,1.6091404429037906e-5
2,peel,5.314614145027899e-5
3,peel,7.302023403503573e-6
4,peel,3.066240146855481e-5
1,nutritional,2.7783041931426533e-5
2,nutritional,2.6228311099913053e-6
3,nutritional,2.0628771716100002e-5
4,nutritional,9.284778612277321e-6
1,figs,4.706970197540051e-5
2,figs,3.4700014582670583e-6
3,figs,3.737986705983199e-5
4,figs,8.790151143837636e-6
1,gum,7.64515252137891e-6
2,gum,1.8502085265276214e-5
3,gum,5.535741732271863e-6
4,gum,1.202646863848887e-5
1,lima,1.0105295641307668e-5
2,lima,4.026440807935611e-6
3,lima,5.63243843080574e-6
4,lima,3.1179538368935815e-6
1,sauerkraut,5.627260815246248e-5
2,sauerkraut,1.3210124991654106e-5
3,sauerkraut,2.062930124780524e-5
4,sauerkraut,1.4925468111001297e-5
1,chickpea,4.0390319033720575e-5
2,chickpea,4.208800530611954e-5
3,chickpea,1.4367858599046436e-5
4,chickpea,8.221035094125414e-6
1,seaweed,4.672588697189201e-6
2,seaweed,1.6048495067717242e-5
3,seaweed,1.6694213133970714e-5
4,seaweed,1.9825901705978603e-5
1,dandelion,8.24395831875038e-6
2,dandelion,1.653060750069319e-6
3,dandelion,7.068124140041121e-6
4,dandelion,5.919762929508234e-6
1,snacks,6.205493047335986e-5
2,snacks,1.3120097023050717e-4
3,snacks,1.0074984653927495e-5
4,snacks,1.453430888069732e-4
1,mortadella,1.0748918221753424e-5
2,mortadella,1.4020046796830188e-5
3,mortadella,6.335468616745872e-6
4,mortadella,4.268745128705768e-6
1,lemons,2.9501291262261916e-7
2,lemons,1.586745209501952e-5
3,lemons,3.020855032994861e-5
4,lemons,1.5029605061131992e-5
1,patties,7.628310963385701e-5
2,patties,2.3690891728319117e-5
3,patties,7.85851672070447e-5
4,patties,1.4609324229417794e-4
1,raspberries,6.842293106291913e-6
2,raspberries,8.389133433855259e-6
3,raspberries,4.0834083913600666e-5
4,raspberries,2.9263422651891886e-5
1,chicory,1.7742872471589655e-5
2,chicory,1.2414167830098816e-5
3,chicory,2.983197058421759e-5
4,chicory,3.374565905848395e-7
1,luncheon,1.3563646265390887e-5
2,luncheon,1.649648758683762e-5
3,luncheon,1.8078109019713913e-5
4,luncheon,7.001265157790803e-6
1,bologna,3.2266465265281472e-6
2,bologna,4.638746066156199e-6
3,bologna,1.2269060721487358e-5
4,bologna,1.0043130801865579e-5
1,carob,9.649189249610238e-7
2,carob,1.4001019528928305e-7
3,carob,1.1002009898218208e-6
4,carob,1.9570525728139565e-6
1,pomegranate,3.45729564420158e-5
2,pomegranate,1.1287256810900147e-5
3,pomegranate,7.813157663037099e-5
4,pomegranate,5.912635325737567e-5
1,cranberries,5.9012820026316514e-5
2,cranberries,2.9123648043566183e-6
3,cranberries,3.430823397359078e-5
4,cranberries,1.1910903269277317e-5
1,thigh,1.1152295944852947e-5
2,thigh,4.469849307587595e-6
3,thigh,3.481315738070339e-5
4,thigh,3.905804367031992e-5
1,lean,7.349689044710123e-5
2,lean,6.128145206884579e-5
3,lean,3.9335493316081834e-5
4,lean,1.207951279576206e-5
1,puree,3.236941099494612e-5
2,puree,4.044703894730639e-5
3,puree,1.0031051634684956e-4
4,puree,1.93353801618706e-5
1,bran,4.275668353562503e-6
2,bran,4.670866356242214e-6
3,bran,4.2091073557656125e-6
4,bran,6.615290801319073e-6
1,snack,2.4176394530003802e-4
2,snack,5.4071294327427764e-5
3,snack,2.6259706273263337e-4
4,snack,3.1113966899735146e-6
1,tamari,3.9414817057756004e-6
2,tamari,4.3794507829928596e-6
3,tamari,1.3584914783168223e-6
4,tamari,2.806040088742275e-6
1,watercress,2.8935424549742246e-6
2,watercress,5.44389805388844e-6
3,watercress,4.9599071179244645e-6
4,watercress,8.557918490254792e-6
1,lentils,5.785511264220499e-6
2,lentils,5.37773464957438e-6
3,lentils,3.090480469590375e-5
4,lentils,4.22331381488564e-5
1,tennis,4.6602832584824904e-6
2,tennis,5.09570421524517e-6
3,tennis,5.3285056385931215e-6
4,tennis,7.808335492395037e-6
1,nectar,1.945516854133836e-5
2,nectar,1.3498335121517534e-5
3,nectar,8.826041796072457e-6
4,nectar,1.0235217664267637e-5
1,venison,2.9194084106492526e-6
2,venison,1.0348291634992912e-5
3,venison,7.025706377948059e-6
4,venison,1.613674065626252e-5
1,hibiscus,4.977818477152926e-5
2,hibiscus,1.8383228401878233e-6
3,hibiscus,1.9356021647232074e-5
4,hibiscus,8.049186246723253e-6
1,peppered,1.6280287202926507e-5
2,peppered,3.8474840207004345e-5
3,peppered,1.0564408826087978e-5
4,peppered,5.436369122188293e-6
1,deer,4.560083266125272e-6
2,deer,1.7249577908371562e-5
3,deer,9.607295915176743e-6
4,deer,6.046579819593168e-6
1,thyme,1.7984528606693183e-5
2,thyme,9.880398467906656e-6
3,thyme,3.213764600755619e-5
4,thyme,2.4272105898567466e-5
1,leeks,3.58196007689319e-5
2,leeks,3.1327171578089516e-6
3,leeks,4.2409663533274685e-5
4,leeks,4.951255211187341e-6
1,radishes,2.265167480526704e-5
2,radishes,1.3871910522785553e-5
3,radishes,1.9128710332017087e-5
4,radishes,1.6130186939231696e-5
1,blackberries,1.7161155992977315e-5
2,blackberries,1.2844783497244515e-5
3,blackberries,2.1696350651201716e-5
4,blackberries,1.8005842878101663e-5
1,bratwurst,8.808006095064372e-6
2,bratwurst,1.3285424051737408e-5
3,bratwurst,4.755085516426963e-6
4,bratwurst,1.0613019373389027e-5
1,lard,7.520706801335864e-7
2,lard,7.785314028893102e-6
3,lard,1.6530423034694998e-5
4,lard,2.8018288309844902e-5
1,oat,9.61591012534846e-6
2,oat,3.9813168819688175e-5
3,oat,3.8946537375271894e-5
4,oat,2.713943168468105e-5
1,melon,3.362542204816524e-5
2,melon,4.8007253072717225e-5
3,melon,3.4807685826644425e-5
4,melon,2.089754570776196e-5
1,pears,2.2774169695782778e-5
2,pears,1.5836251257628688e-5
3,pears,3.2837840898268576e-5
4,pears,7.607977059072627e-6
1,catsup,3.2647029027043007e-6
2,catsup,4.085509447247176e-6
3,catsup,2.2722697530306568e-6
4,catsup,2.8634108268807682e-6
1,dock,1.147484643585252e-6
2,dock,7.28483476586069e-6
3,dock,5.654977215478476e-5
4,dock,5.562974780250403e-7
1,concentrate,1.1505262650480933e-5
2,concentrate,6.052618861894077e-6
3,concentrate,2.3639124425286225e-5
4,concentrate,6.654247387446623e-6
1,cornmeal,4.9344824228990066e-5
2,cornmeal,5.534276237783053e-6
3,cornmeal,1.8022975185831105e-5
4,cornmeal,4.6732503500687885e-5
1,shallots,2.2398174303514552e-5
2,shallots,5.117064824377158e-6
3,shallots,1.928803605507159e-5
4,shallots,2.289935479002936e-5
1,swamp,5.754958574806473e-6
2,swamp,4.231700809747982e-6
3,swamp,4.971309371206797e-6
4,swamp,1.3139959398750034e-5
1,apricot,7.306174988958298e-6
2,apricot,6.71250771689852e-6
3,apricot,5.015978339097906e-5
4,apricot,4.092517076089394e-5
1,citrus,5.022656032676973e-5
2,citrus,9.966397121615792e-5
3,citrus,1.2067702013690898e-4
4,citrus,5.823463241362428e-5
1,poultry,1.1269062377358118e-5
2,poultry,7.260307360137342e-6
3,poultry,7.185018950623043e-6
4,poultry,9.658764622538724e-6
1,peanuts,3.0324334421572702e-5
2,peanuts,3.255215945221174e-5
3,peanuts,1.5598962321356664e-5
4,peanuts,1.5158303216186881e-5
1,puff,4.469581246924656e-7
2,puff,3.366765247233052e-5
3,puff,5.7511772462993885e-5
4,puff,2.4929769475446595e-5
1,radicchio,5.289956707312227e-6
2,radicchio,2.496880047963661e-6
3,radicchio,1.199477875822178e-6
4,radicchio,2.4558835278267263e-6
1,pimiento,9.7999432693175e-7
2,pimiento,1.1655912062085486e-5
3,pimiento,6.050976818789152e-6
4,pimiento,4.210535269159743e-6
1,picnic,4.1280785962458254e-5
2,picnic,9.755440683700288e-5
3,picnic,5.255460278109778e-5
4,picnic,7.710686988587151e-5
1,taquitos,9.64235065704138e-6
2,taquitos,2.9563164000533916e-6
3,taquitos,7.916647938162264e-6
4,taquitos,5.489542378739809e-6
1,succotash,5.387164324531052e-6
2,succotash,2.875302463867476e-6
3,succotash,4.535843903429429e-6
4,succotash,1.530118847891736e-5
1,syrups,2.1220117213691878e-5
2,syrups,1.1618104410195589e-5
3,syrups,1.078516041264867e-5
4,syrups,2.504752772805348e-5
1,agave,1.712659972011402e-5
2,agave,2.696901630495815e-5
3,agave,2.1090907449545112e-5
4,agave,1.0766286539966528e-5
1,limeade,9.849487208471786e-7
2,limeade,1.2027586981489375e-5
3,limeade,3.0351855027715813e-6
4,limeade,8.935467417546429e-6
1,prairie,2.421724611158537e-6
2,prairie,2.0042646332033032e-7
3,prairie,6.859367276592966e-8
4,prairie,4.593643302303385e-6
1,dulce,2.5769360163400192e-5
2,dulce,2.1056757247361773e-5
3,dulce,9.986923177401667e-7
4,dulce,8.349139655867126e-6
1,caribou,1.1119420347470465e-6
2,caribou,1.0823372657336186e-6
3,caribou,1.000883987021381e-6
4,caribou,9.66572024744854e-7
1,weed,9.402867790025633e-6
2,weed,8.38376401783328e-7
3,weed,1.0234520694257165e-6
4,weed,4.335389920741008e-6
1,chickpeas,1.1956503603177015e-5
2,chickpeas,4.186916319864398e-5
3,chickpeas,2.935728241806893e-5
4,chickpeas,4.221482851583669e-6
1,lion,1.3099095086906986e-5
2,lion,1.3066489590926121e-5
3,lion,4.151853565130554e-6
4,lion,8.884508362123969e-7
1,chives,2.002075802680502e-5
2,chives,1.2548018879606387e-5
3,chives,2.7490525109687737e-5
4,chives,1.3802383638168565e-5
1,chewing,3.3286941425704434e-5
2,chewing,1.75736127395468e-5
3,chewing,1.0939596623535132e-5
4,chewing,1.3093198614549813e-5
1,squirrel,1.6513042415290322e-6
2,squirrel,2.9213657707469427e-6
3,squirrel,1.2162327789033475e-6
4,squirrel,4.618967678742482e-6
1,turnover,1.936344340677359e-5
2,turnover,2.2990906410533183e-5
3,turnover,9.14229749392926e-6
4,turnover,6.299470290459445e-5
1,loin,3.9660106401015145e-5
2,loin,3.1753565220855763e-6
3,loin,1.8282932642889423e-5
4,loin,2.000657913780251e-5
1,diabetes,1.1596083264076598e-5
2,diabetes,1.2662525174632349e-5
3,diabetes,1.4338769615471017e-5
4,diabetes,4.055197798464695e-6
1,oranges,2.60786155244066e-5
2,oranges,2.4301820778324602e-5
3,oranges,6.9573818932747054e-6
4,oranges,2.486130676805814e-5
1,parsnips,8.612170641635728e-6
2,parsnips,4.224034907152974e-6
3,parsnips,1.165168909397855e-6
4,parsnips,4.723126226787402e-6
1,link,1.275609103380926e-7
2,link,4.1464071258370096e-5
3,link,4.8228306469055015e-5
4,link,2.0496664223398914e-5
1,headcheese,1.244311555506715e-6
2,headcheese,1.5022660800390427e-6
3,headcheese,4.0597431506171086e-7
4,headcheese,1.0094440155290796e-6
1,artificial,1.643486032943225e-5
2,artificial,1.7827255208612927e-5
3,artificial,1.6419490847610475e-5
4,artificial,9.66029626930797e-6
1,mayonnaise,4.634477725304697e-5
2,mayonnaise,6.2901514818632486e-6
3,mayonnaise,2.0948318568387842e-5
4,mayonnaise,5.23018026447578e-5
1,hominy,2.081651601168196e-5
2,hominy,1.5860190645857164e-6
3,hominy,7.367107136031408e-8
4,hominy,9.763491424252179e-6
1,tapioca,1.7305626350785772e-6
2,tapioca,7.018758007928792e-6
3,tapioca,5.756099764952846e-6
4,tapioca,5.268179565672412e-6
1,gourd,3.74655715622522e-7
2,gourd,1.770897584075061e-6
3,gourd,4.946768893602222e-7
4,gourd,4.819760769444456e-7
1,currants,4.803618986308701e-7
2,currants,3.3589825694771325e-6
3,currants,3.48517668061758e-6
4,currants,3.083086060354354e-6
1,endive,3.5504007579564307e-6
2,endive,8.249711223178765e-6
3,endive,1.880888787939149e-5
4,endive,1.6425586957383213e-6
1,fillings,4.93501977720034e-6
2,fillings,7.421653244725565e-5
3,fillings,2.938534349337963e-5
4,fillings,6.321937212790052e-5
1,reduced,2.0280214232983623e-5
2,reduced,7.648279618529239e-6
3,reduced,2.088092739840544e-5
4,reduced,1.7770966246027452e-5
1,avocados,2.7729151668937712e-5
2,avocados,3.229032658041887e-5
3,avocados,3.038104585079115e-5
4,avocados,2.6131651694849453e-5
1,jicama,2.47554005111794e-5
2,jicama,8.051256548923822e-7
3,jicama,1.3689478638946239e-5
4,jicama,1.29816494384802e-6
1,frying,3.543826942608713e-5
2,frying,1.2302666225379304e-6
3,frying,4.895004491579235e-6
4,frying,3.958463065620794e-5
1,hazelnuts,6.77589460645777e-6
2,hazelnuts,1.0827069270182545e-5
3,hazelnuts,1.2289059469328762e-5
4,hazelnuts,8.607425575520937e-6
1,fillets,1.0263728501343275e-5
2,fillets,1.002328870601957e-5
3,fillets,2.63844038573759e-6
4,fillets,9.992069577048608e-7
1,butters,5.15482099872807e-6
2,butters,7.407046665142314e-6
3,butters,1.4918167752486417e-5
4,butters,3.731467895390193e-6
1,carbonated,4.998933364706139e-7
2,carbonated,3.245220009178495e-6
3,carbonated,1.077811607156273e-5
4,carbonated,4.183808820643158e-8
1,smelt,3.4993123375793043e-6
2,smelt,3.0350870028829264e-6
3,smelt,3.7473257795010563e-7
4,smelt,3.720154898568681e-7
1,semolina,1.5797070109003985e-6
2,semolina,2.976821754651607e-6
3,semolina,1.2967871095572026e-5
4,semolina,1.1614807962151332e-5
1,coriander,4.076347595233674e-6
2,coriander,1.367373576056086e-5
3,coriander,9.189434483521863e-6
4,coriander,1.1318710597971813e-7
1,groats,1.9260795481839687e-7
2,groats,9.7862021951743e-8
3,groats,1.7287879198313658e-6
4,groats,6.112862610654434e-8
1,nettles,1.1484473139048998e-7
2,nettles,1.7563319223192363e-8
3,nettles,1.8850061645555832e-6
4,nettles,6.29797215604742e-8
1,gram,3.509641229609128e-6
2,gram,4.807068961416313e-6
3,gram,7.2527451834270386e-06
4,gram,3.1583500764626446e-6
1,luxury,2.7918916690641248e-5
2,luxury,3.988392046968026e-6
3,luxury,1.9065646715258946e-5
4,luxury,2.809132142392383e-5
1,stinging,2.6455072182209007e-6
2,stinging,2.1183451662990495e-6
3,stinging,2.622511541146491e-7
4,stinging,1.2157733223547165e-6
1,puddings,2.967133181021459e-6
2,puddings,1.4804462838004386e-6
3,puddings,1.162351127778494e-5
4,puddings,1.3067262015647337e-5
1,fluid,2.398465715962158e-6
2,fluid,1.4391097173297818e-6
3,fluid,9.740467566461824e-6
4,fluid,9.84925431630693e-7
1,industrial,7.591394005358496e-5
2,industrial,1.0752416221461091e-4
3,industrial,3.179026546224024e-5
4,industrial,1.1361665162795826e-4
1,flakes,1.9495457609743043e-5
2,flakes,3.488563435903153e-5
3,flakes,2.9670691055155413e-5
4,flakes,2.0000681178073947e-5
1,plums,2.9088893674671673e-6
2,plums,4.77965336745842e-6
3,plums,1.6250134287636757e-6
4,plums,2.132209657634968e-6
1,garbanzo,7.937110262333113e-6
2,garbanzo,4.581732803214139e-6
3,garbanzo,3.5068270274390963e-6
4,garbanzo,1.7276071798185753e-5
1,lebanon,1.6739532677282058e-6
2,lebanon,8.089973774501823e-6
3,lebanon,4.769971943418861e-7
4,lebanon,1.2075615279962585e-6
1,seal,1.627976705460648e-5
2,seal,4.3378001828764074e-6
3,seal,1.6338938769359888e-5
4,seal,6.728411553316884e-6
1,mush,4.2582544595405643e-5
2,mush,3.1371831476755416e-5
3,mush,2.321169838752394e-5
4,mush,1.6424320360389494e-6
1,fern,2.03737295746521e-6
2,fern,3.449551383415608e-6
3,fern,3.732609589985397e-6
4,fern,1.4340582677823819e-7
1,fiddlehead,1.4830111091585902e-6
2,fiddlehead,5.139314674525803e-6
3,fiddlehead,3.807007460076675e-6
4,fiddlehead,2.058108173424615e-6
1,dove,1.4222946838236783e-5
2,dove,1.2445217008388219e-5
3,dove,9.17281696968689e-6
4,dove,1.4101317579772224e-5
1,malted,6.367000585777186e-6
2,malted,3.0507510115503164e-7
3,malted,2.614434314634217e-6
4,malted,6.317970717700515e-6
1,tangerine,1.149554175729067e-5
2,tangerine,3.260994967413753e-6
3,tangerine,3.2676815310591077e-6
4,tangerine,6.926441544710063e-7
1,acerola,2.03327703884273e-7
2,acerola,2.8030997335782685e-7
3,acerola,9.183767779961003e-7
4,acerola,6.791695139838725e-7
1,bamboo,6.897414796858714e-6
2,bamboo,3.5769570565634017e-6
3,bamboo,4.240365959910746e-6
4,bamboo,2.9686824848507227e-6
1,tomatillos,1.1646208837058358e-6
2,tomatillos,2.93019236092858e-6
3,tomatillos,3.459390889901189e-6
4,tomatillos,2.8522101539456605e-6
1,gooseberries,1.227616342439151e-6
2,gooseberries,1.8842918033939486e-6
3,gooseberries,2.14051057440659e-7
4,gooseberries,8.361677784533427e-7
1,supplement,3.130738342747878e-6
2,supplement,8.417615680282702e-6
3,supplement,8.349542106102574e-6
4,supplement,4.035075317479106e-6
1,drippings,6.179486325451104e-6
2,drippings,7.113664904728727e-6
3,drippings,5.536506159602564e-6
4,drippings,1.2389990237838743e-5
1,nopales,1.316229051118641e-6
2,nopales,6.966963830203625e-6
3,nopales,2.44915113904908e-6
4,nopales,4.880337719680231e-6
1,jellyfish,1.349041515050316e-6
2,jellyfish,1.7353631526404087e-7
3,jellyfish,5.033549893653398e-7
4,jellyfish,5.348053406546614e-8
1,imitation,1.1141270209547133e-5
2,imitation,1.0232857607237788e-5
3,imitation,1.1139507984051941e-5
4,imitation,2.854684961664807e-6
1,tuber,9.77768178035317e-7
2,tuber,1.5702206862999948e-6
3,tuber,2.0157341109043158e-7
4,tuber,4.53712768668805e-6
1,hips,6.7668038558739155e-6
2,hips,3.1027376888378798e-6
3,hips,8.241501891435224e-6
4,hips,6.097954794839939e-7
1,fava,4.471176255302007e-6
2,fava,1.0365553962268882e-5
3,fava,3.98184088198569e-6
4,fava,7.198558888243044e-6
1,flours,1.5394878017007922e-6
2,flours,1.068389531575764e-6
3,flours,1.3158791454708623e-6
4,flours,1.2781301501474595e-6
1,steelhead,1.3395006146023816e-6
2,steelhead,1.1171869985374118e-6
3,steelhead,1.0558737755179744e-6
4,steelhead,6.486589308324924e-7
1,lambs,3.88873163515288e-7
2,lambs,4.14779919662168e-8
3,lambs,7.351831579307011e-7
4,lambs,9.155498806289286e-7
1,sugars,1.1287485453279367e-5
2,sugars,6.993461131172349e-7
3,sugars,1.6031379812117632e-5
4,sugars,7.347260116763272e-6
1,novelties,1.6751813173652111e-6
2,novelties,5.976045324453847e-7
3,novelties,2.620239231858085e-7
4,novelties,1.626751088004739e-6
1,frostings,1.7212755728192757e-6
2,frostings,4.602094838821171e-6
3,frostings,8.832795707942467e-7
4,frostings,1.1183192876848521e-6
1,sweeteners,6.571020317037112e-6
2,sweeteners,9.7420312147694e-6
3,sweeteners,1.6735579509528302e-6
4,sweeteners,1.5318323358505053e-5
1,bulgur,9.956673421948256e-7
2,bulgur,1.5245063775924175e-6
3,bulgur,3.591141916183887e-6
4,bulgur,2.213037415511566e-6
1,squab,8.238462387668178e-7
2,squab,1.6679115964880082e-6
3,squab,2.5716177382632242e-6
4,squab,1.3839709839164607e-7
1,ferns,2.1614493560001945e-6
2,ferns,5.789587617199848e-8
3,ferns,4.059303786017492e-7
4,ferns,2.576653353616157e-6
1,apricots,5.09988604184633e-6
2,apricots,1.6071623743047222e-5
3,apricots,5.885356731661862e-6
4,apricots,2.079349662454132e-6
1,jellies,1.0343919671325449e-5
2,jellies,7.4905342455662925e-6
3,jellies,6.7266417496687755e-6
4,jellies,1.4423849885548959e-6
1,commercially,2.383448503955813e-6
2,commercially,3.5826518229049894e-6
3,commercially,6.412662676839753e-7
4,commercially,1.7168517221602862e-6
1,shoots,9.50571634773906e-6
2,shoots,2.5411552516315324e-6
3,shoots,8.465006664332187e-6
4,shoots,6.534099169171524e-6
1,knackwurst,9.954833953393077e-7
2,knackwurst,2.7375456893125335e-7
3,knackwurst,4.600439111245709e-7
4,knackwurst,3.508428732221099e-7
1,substitutes,2.198093154712805e-6
2,substitutes,9.212446100790877e-6
3,substitutes,1.7716307191170702e-5
4,substitutes,1.045617220121772e-6
1,prune,2.6149602690300916e-7
2,prune,1.272978481642455e-6
3,prune,1.5534954028137537e-6
4,prune,2.1161095166080174e-6
1,prunes,3.671286004821426e-7
2,prunes,1.249666479596296e-6
3,prunes,4.5782905789094995e-7
4,prunes,6.459697778779435e-9
1,candies,1.4250349102854673e-5
2,candies,6.153488483415744e-6
3,candies,2.292704604604231e-5
4,candies,3.5042884496215e-7
1,melons,1.707574735670328e-6
2,melons,7.655851717052365e-6
3,melons,2.490829325589664e-7
4,melons,6.001572441533916e-6
1,margarine,8.218006744773783e-6
2,margarine,4.0662320959296003e-7
3,margarine,5.451089086879615e-6
4,margarine,3.60470659493026e-6
1,frijoles,4.949133313610308e-6
2,frijoles,8.602689123028423e-7
3,frijoles,1.4666945904621928e-6
4,frijoles,4.166944226454808e-6
1,pockets,3.61156065414814e-6
2,pockets,1.9222753586871514e-5
3,pockets,1.3845829930680915e-5
4,pockets,1.2234707185772981e-5
1,vital,3.3956064306449643e-6
2,vital,1.3755728142274242e-6
3,vital,3.7105385355004195e-6
4,vital,1.9204913823671443e-6
1,cereals,9.8573356980504e-6
2,cereals,1.4231738663075312e-6
3,cereals,5.064112145846539e-6
4,cereals,6.539337313707311e-6
1,agents,9.158463148960445e-7
2,agents,1.5311316566751025e-6
3,agents,1.1118200456504646e-6
4,agents,2.685723562472113e-6
1,extract,4.136395568547178e-6
2,extract,4.638526482178106e-6
3,extract,3.900951775212374e-6
4,extract,5.0130245374264714e-6
1,household,8.41780830647376e-6
2,household,1.5210550034139547e-5
3,household,1.21607885015567e-5
4,household,1.6646608667133193e-6
1,germ,4.53951600536728e-6
2,germ,3.634162934169833e-6
3,germ,8.9044087441415e-6
4,germ,3.7289039356526562e-6
1,cornstarch,2.8429035540553717e-6
2,cornstarch,2.1199591420590795e-6
3,cornstarch,1.1015695194444003e-6
4,cornstarch,1.217479971091452e-6
1,yogurts,1.472021513396288e-6
2,yogurts,1.2883999145880316e-6
3,yogurts,2.2843885585869696e-6
4,yogurts,1.561072509256946e-7
1,shortening,1.5711977796300707e-6
2,shortening,1.306303283090747e-6
3,shortening,2.8643143622491713e-6
4,shortening,4.996035467415849e-7
1,pomegranates,1.976294165576039e-6
2,pomegranates,1.991845519941594e-6
3,pomegranates,1.042670842475264e-6
4,pomegranates,2.2729000329303183e-6
1,gelatin,3.2588886247940223e-6
2,gelatin,2.5046243793482107e-6
3,gelatin,3.894154407314204e-6
4,gelatin,2.8269417582694578e-6
1,creams,8.385222474700065e-6
2,creams,1.2408201744250614e-5
3,creams,1.6281182944149696e-5
4,creams,2.458279222341604e-6
1,soybeans,4.2021159467289164e-7
2,soybeans,1.0545406966320164e-6
3,soybeans,1.518481928667682e-7
4,soybeans,1.496086479077343e-6
1,winged,1.1334250367257482e-6
2,winged,5.903725291345598e-7
3,winged,3.2499598697292537e-6
4,winged,2.269840114947984e-7
1,confectionery,3.887636620571167e-7
2,confectionery,1.9267839716581314e-6
3,confectionery,9.845196650150595e-7
4,confectionery,1.9041889946525229e-6
1,spelt,1.5356721946135675e-6
2,spelt,1.1135284523208166e-6
3,spelt,8.142313239223006e-7
4,spelt,6.976641622022216e-7
1,sherbet,1.6014444931137582e-6
2,sherbet,2.9039133703009228e-8
3,sherbet,1.1956527874570787e-6
4,sherbet,1.3347271677238111e-6
1,millet,1.1439258396501276e-7
2,millet,5.575887368791444e-8
3,millet,2.4929106817071074e-7
4,millet,6.213736115476876e-7
1,drumstick,5.181979595002039e-6
2,drumstick,1.0265503772403864e-7
3,drumstick,6.416688048945909e-6
4,drumstick,5.98410443388977e-6
1,cones,5.076064064113193e-6
2,cones,2.25321992242231e-6
3,cones,7.4367300833499824e-6
4,cones,8.124537941552593e-6
1,mutton,6.516158530036935e-7
2,mutton,2.828610305275629e-7
3,mutton,9.607349785476303e-7
4,mutton,1.8504703220459844e-7
1,alfalfa,3.2303335379820574e-6
2,alfalfa,7.37494023809944e-7
3,alfalfa,2.0731096422715746e-6
4,alfalfa,2.2808861180066864e-6
1,whey,3.288979612665817e-6
2,whey,3.8655886456588894e-7
3,whey,2.3216024155956254e-6
4,whey,2.324399676814903e-6
1,chrysanthemum,3.019386878565229e-7
2,chrysanthemum,1.5475572395455498e-7
3,chrysanthemum,1.927478510171002e-7
4,chrysanthemum,3.9103896046807673e-7
1,raab,8.228947675223475e-7
2,raab,5.108911792745255e-7
3,raab,8.763458265908847e-7
4,raab,9.111413296939546e-7
1,hydrogenated,3.7085292565416403e-6
2,hydrogenated,4.0132173661756436e-7
3,hydrogenated,2.8272967930681503e-6
4,hydrogenated,3.416995254347848e-7
1,guinea,9.145827953834583e-7
2,guinea,1.8926379442122206e-7
3,guinea,1.9762989269861998e-6
4,guinea,4.20515272141264e-6
1,clementines,9.058338312123212e-7
2,clementines,9.543369721428049e-7
3,clementines,8.39066786982657e-7
4,clementines,4.217878723831302e-7
1,custards,5.221168446129407e-7
2,custards,3.207385274095126e-7
3,custards,2.5445317226300426e-6
4,custards,7.7406237851878e-7
1,crustaceans,3.456938077135904e-8
2,crustaceans,4.472466233479051e-9
3,crustaceans,1.5837306968086568e-6
4,crustaceans,4.581058633263472e-7
1,braunschweiger,9.823640186509554e-7
2,braunschweiger,2.3342460367893614e-7
3,braunschweiger,6.180047832102226e-7
4,braunschweiger,2.4619887848357574e-7
1,pheasant,2.616369938376385e-6
2,pheasant,1.484092894253325e-6
3,pheasant,2.5948407549265053e-6
4,pheasant,1.6269528579754404e-6
1,fungi,3.6847193323923405e-6
2,fungi,7.23475618563407e-7
3,fungi,2.835101408343684e-6
4,fungi,3.549840813270208e-8
1,lotus,1.3954203237820625e-6
2,lotus,1.0317115141575262e-6
3,lotus,9.68432911266791e-7
4,lotus,3.88963508372877e-6
1,rojos,1.889417923891638e-7
2,rojos,1.1499812969492638e-6
3,rojos,4.532083794749521e-7
4,rojos,2.8933478050040974e-7
1,epazote,2.1324057096262618e-7
2,epazote,4.6702891790271664e-7
3,epazote,1.8565288291949926e-7
4,epazote,1.2159760302700303e-6
1,mangos,1.3321920689494678e-6
2,mangos,1.6721535507120537e-6
3,mangos,4.36055825898491e-6
4,mangos,1.999245584790533e-6
1,soybean,1.854278216033834e-6
2,soybean,7.595008994114005e-8
3,soybean,1.629799135759167e-8
4,soybean,1.3244685593864213e-7
1,soursop,9.938021866976276e-7
2,soursop,2.253144583997883e-7
3,soursop,2.880235353510564e-7
4,soursop,5.731861747271588e-7
1,purslane,1.126978485468609e-6
2,purslane,3.907973870707287e-7
3,purslane,8.044949143719917e-8
4,purslane,4.820160421819495e-7
1,gums,8.226373052166635e-7
2,gums,4.4413653026712246e-6
3,gums,2.0167439560339443e-6
4,gums,3.489436264522622e-9
1,kumquats,5.803940901462963e-7
2,kumquats,1.1907913368566892e-7
3,kumquats,1.810611491542808e-7
4,kumquats,1.5942353256761987e-7
1,ostrich,6.842611563572476e-7
2,ostrich,1.2483923158077825e-6
3,ostrich,7.936451523571242e-7
4,ostrich,2.477774528218408e-6
1,shoyu,9.559716323664437e-7
2,shoyu,1.5272035799041403e-6
3,shoyu,1.331614601471444e-6
4,shoyu,2.4294182740393006e-6
1,apache,2.737815102744905e-7
2,apache,5.021881313095593e-7
3,apache,8.036839600747111e-8
4,apache,1.8422104415092814e-7
1,soymilk,2.174458021605192e-6
2,soymilk,6.536989286889779e-7
3,soymilk,1.9512550553183573e-6
4,soymilk,4.206646538087969e-7
1,cassava,2.5390962891182377e-7
2,cassava,3.1578799536987402e-6
3,cassava,1.5216973983374828e-6
4,cassava,3.3940810951382404e-6
1,cherimoya,2.4947313694733696e-7
2,cherimoya,3.511316401848772e-7
3,cherimoya,2.97046847007216e-7
4,cherimoya,1.4276512547792892e-7
1,chayote,3.835375280159919e-7
2,chayote,1.8284819851169193e-6
3,chayote,1.8138329658977654e-7
4,chayote,7.291061006120936e-7
1,cockles,3.399761708836555e-7
2,cockles,7.281331483014025e-7
3,cockles,1.090523696979139e-6
4,cockles,9.63295703522606e-7
1,salsify,2.673423309600054e-7
2,salsify,7.345949395059851e-8
3,salsify,5.758306616274414e-7
4,salsify,1.2352828027134687e-7
1,mollusks,1.723823844873845e-7
2,mollusks,1.6127397734792995e-8
3,mollusks,4.5738987228581955e-8
4,mollusks,8.066833498165258e-7
1,huckleberries,8.724625728671734e-7
2,huckleberries,5.260421907797556e-7
3,huckleberries,2.3131922997000233e-8
4,huckleberries,6.591270955108499e-7
1,pectin,2.0473389326192023e-8
2,pectin,6.859624959652151e-7
3,pectin,2.0152262907730572e-8
4,pectin,3.1448036773276434e-7
1,tangerines,6.15884896931411e-8
2,tangerines,2.5741134060127165e-7
3,tangerines,2.779155600694946e-7
4,tangerines,4.439166797478444e-7
1,rutabagas,1.413899016783005e-7
2,rutabagas,3.9012422078051133e-7
3,rutabagas,3.8100874322944184e-7
4,rutabagas,1.2800466316082705e-7
1,papad,2.945609436067676e-7
2,papad,2.247249885765225e-7
3,papad,1.7061337484105215e-7
4,papad,3.506004090448414e-7
1,cress,7.0626454759151645e-9
2,cress,3.8149706553872324e-7
3,cress,4.7683244120461264e-7
4,cress,1.7529830431950438e-7
1,carissa,2.1703145104657405e-7
2,carissa,7.091605990384639e-9
3,carissa,2.1273044710881568e-7
4,carissa,6.038143745814116e-7
1,emu,9.370972702572268e-9
2,emu,2.3665410379423794e-7
3,emu,7.621733851099717e-7
4,emu,3.2222023642195386e-8
1,amaranth,1.3063439042619688e-6
2,amaranth,3.4183452912886516e-7
3,amaranth,4.163974189804319e-7
4,amaranth,1.4967094106526458e-8
1,persimmons,4.871047382935555e-7
2,persimmons,8.495635050949618e-8
3,persimmons,1.1009074867621653e-7
4,persimmons,3.5807476943674265e-7
1,leavening,5.53259979243237e-7
2,leavening,1.4276121148619682e-7
3,leavening,2.8227278483961737e-7
4,leavening,6.160180642523172e-8
1,jute,3.701462911855202e-7
2,jute,2.082846427449449e-7
3,jute,2.511600298718904e-7
4,jute,2.1067873969827436e-7
1,walrus,3.622920030969085e-7
2,walrus,3.7671499860844453e-7
3,walrus,5.065472620688283e-7
4,walrus,8.357329301624704e-7
1,malabar,1.1109782157909658e-7
2,malabar,4.5984889602349717e-7
3,malabar,3.6284727423700157e-7
4,malabar,1.0679275853962848e-7
1,mungo,1.909174355058635e-7
2,mungo,5.597485770345377e-7
3,mungo,7.258335715340666e-8
4,mungo,2.1746429514032944e-7
1,frankfurter,1.0612661885239717e-7
2,frankfurter,6.803554441722968e-7
3,frankfurter,5.420807983365735e-7
4,frankfurter,7.53102786696161e-7
1,nectarines,8.465850286352487e-7
2,nectarines,1.4161297700019205e-6
3,nectarines,2.3998032205791727e-7
4,nectarines,6.189593493860528e-7
1,spearmint,9.054517830309054e-8
2,spearmint,3.3310304078369357e-7
3,spearmint,1.821153058894408e-7
4,spearmint,4.3509326350257534e-7
1,kohlrabi,1.9218894012063353e-6
2,kohlrabi,1.4058252101611234e-6
3,kohlrabi,3.515332297396418e-7
4,kohlrabi,4.81505340277212e-7
1,liverwurst,1.1374540353607155e-6
2,liverwurst,9.60261723300457e-7
3,liverwurst,6.377139330789116e-7
4,liverwurst,3.8535613585369895e-7
1,horned,3.070650018786807e-8
2,horned,2.0356873340453798e-7
3,horned,4.499876872101063e-7
4,horned,3.5646017226220746e-7
1,arrowroot,8.280586101657909e-8
2,arrowroot,2.0816567145848185e-7
3,arrowroot,6.19702555781179e-7
4,arrowroot,1.2976338988431648e-7
1,isolate,2.954773344233503e-7
2,isolate,2.761830199518714e-7
3,isolate,4.4285475521574915e-7
4,isolate,2.5676068905252737e-8
1,frybread,1.7342604235596102e-7
2,frybread,2.097993928551356e-7
3,frybread,7.70133551383809e-8
4,frybread,5.806030969753862e-7
1,besan,1.1810327079066473e-7
2,besan,3.0070708225767e-8
3,besan,8.539228751523043e-7
4,besan,3.807022724482413e-8
1,bockwurst,1.5471425372505272e-7
2,bockwurst,3.5271472511571426e-7
3,bockwurst,2.0113456701917624e-7
4,bockwurst,3.321414903540014e-7
